CustomerID	CustomerName	ContactName	Country
1	Customer_1	Contact_1	France
2	Customer_2	Contact_2	USA
3	Customer_3	Contact_3	France
4	Customer_4	Contact_4	Germany
5	Customer_5	Contact_5	France
6	Customer_6	Contact_6	Germany
7	Customer_7	Contact_7	UK
8	Customer_8	Contact_8	Germany
9	Customer_9	Contact_9	Canada
10	Customer_10	Contact_10	France
11	Customer_11	Contact_11	Canada
12	Customer_12	Contact_12	USA
13	Customer_13	Contact_13	France
14	Customer_14	Contact_14	Germany
15	Customer_15	Contact_15	Germany
16	Customer_16	Contact_16	Germany
17	Customer_17	Contact_17	France
18	Customer_18	Contact_18	Canada
19	Customer_19	Contact_19	UK
20	Customer_20	Contact_20	USA
21	Customer_21	Contact_21	Canada
22	Customer_22	Contact_22	Germany
23	Customer_23	Contact_23	Canada
24	Customer_24	Contact_24	Germany
25	Customer_25	Contact_25	Canada
26	Customer_26	Contact_26	France
27	Customer_27	Contact_27	USA
28	Customer_28	Contact_28	Canada
29	Customer_29	Contact_29	USA
30	Customer_30	Contact_30	USA
31	Customer_31	Contact_31	Germany
32	Customer_32	Contact_32	Japan
33	Customer_33	Contact_33	Canada
34	Customer_34	Contact_34	Germany
35	Customer_35	Contact_35	France
36	Customer_36	Contact_36	France
37	Customer_37	Contact_37	France
38	Customer_38	Contact_38	France
39	Customer_39	Contact_39	USA
40	Customer_40	Contact_40	France
41	Customer_41	Contact_41	Germany
42	Customer_42	Contact_42	Germany
43	Customer_43	Contact_43	Canada
44	Customer_44	Contact_44	UK
45	Customer_45	Contact_45	France
46	Customer_46	Contact_46	Japan
47	Customer_47	Contact_47	Japan
48	Customer_48	Contact_48	USA
49	Customer_49	Contact_49	Germany
50	Customer_50	Contact_50	Japan
51	Customer_51	Contact_51	Canada
52	Customer_52	Contact_52	France
53	Customer_53	Contact_53	France
54	Customer_54	Contact_54	Japan
55	Customer_55	Contact_55	UK
56	Customer_56	Contact_56	Japan
57	Customer_57	Contact_57	France
58	Customer_58	Contact_58	USA
59	Customer_59	Contact_59	Canada
60	Customer_60	Contact_60	Germany
61	Customer_61	Contact_61	France
62	Customer_62	Contact_62	Japan
63	Customer_63	Contact_63	USA
64	Customer_64	Contact_64	France
65	Customer_65	Contact_65	Canada
66	Customer_66	Contact_66	Japan
67	Customer_67	Contact_67	Canada
68	Customer_68	Contact_68	Japan
69	Customer_69	Contact_69	Japan
70	Customer_70	Contact_70	France
71	Customer_71	Contact_71	Canada
72	Customer_72	Contact_72	UK
73	Customer_73	Contact_73	Japan
74	Customer_74	Contact_74	UK
75	Customer_75	Contact_75	Japan
76	Customer_76	Contact_76	Canada
77	Customer_77	Contact_77	Japan
78	Customer_78	Contact_78	Canada
79	Customer_79	Contact_79	Canada
80	Customer_80	Contact_80	UK
81	Customer_81	Contact_81	UK
82	Customer_82	Contact_82	Canada
83	Customer_83	Contact_83	Germany
84	Customer_84	Contact_84	Japan
85	Customer_85	Contact_85	Canada
86	Customer_86	Contact_86	USA
87	Customer_87	Contact_87	Canada
88	Customer_88	Contact_88	UK
89	Customer_89	Contact_89	UK
90	Customer_90	Contact_90	Japan
91	Customer_91	Contact_91	USA
92	Customer_92	Contact_92	Germany
93	Customer_93	Contact_93	France
94	Customer_94	Contact_94	France
95	Customer_95	Contact_95	France
96	Customer_96	Contact_96	UK
97	Customer_97	Contact_97	France
98	Customer_98	Contact_98	UK
99	Customer_99	Contact_99	UK
100	Customer_100	Contact_100	Canada
101	Customer_101	Contact_101	France
102	Customer_102	Contact_102	Japan
103	Customer_103	Contact_103	USA
104	Customer_104	Contact_104	Japan
105	Customer_105	Contact_105	Canada
106	Customer_106	Contact_106	Germany
107	Customer_107	Contact_107	USA
108	Customer_108	Contact_108	Germany
109	Customer_109	Contact_109	Japan
110	Customer_110	Contact_110	Japan
111	Customer_111	Contact_111	UK
112	Customer_112	Contact_112	Canada
113	Customer_113	Contact_113	France
114	Customer_114	Contact_114	UK
115	Customer_115	Contact_115	Germany
116	Customer_116	Contact_116	France
117	Customer_117	Contact_117	USA
118	Customer_118	Contact_118	USA
119	Customer_119	Contact_119	USA
120	Customer_120	Contact_120	USA
121	Customer_121	Contact_121	Japan
122	Customer_122	Contact_122	UK
123	Customer_123	Contact_123	Canada
124	Customer_124	Contact_124	USA
125	Customer_125	Contact_125	USA
126	Customer_126	Contact_126	Germany
127	Customer_127	Contact_127	Germany
128	Customer_128	Contact_128	Canada
129	Customer_129	Contact_129	Canada
130	Customer_130	Contact_130	Japan
131	Customer_131	Contact_131	UK
132	Customer_132	Contact_132	France
133	Customer_133	Contact_133	Japan
134	Customer_134	Contact_134	USA
135	Customer_135	Contact_135	UK
136	Customer_136	Contact_136	Canada
137	Customer_137	Contact_137	UK
138	Customer_138	Contact_138	Japan
139	Customer_139	Contact_139	UK
140	Customer_140	Contact_140	Canada
141	Customer_141	Contact_141	USA
142	Customer_142	Contact_142	Canada
143	Customer_143	Contact_143	France
144	Customer_144	Contact_144	USA
145	Customer_145	Contact_145	UK
146	Customer_146	Contact_146	France
147	Customer_147	Contact_147	Canada
148	Customer_148	Contact_148	France
149	Customer_149	Contact_149	France
150	Customer_150	Contact_150	Germany
151	Customer_151	Contact_151	UK
152	Customer_152	Contact_152	Canada
153	Customer_153	Contact_153	Japan
154	Customer_154	Contact_154	Canada
155	Customer_155	Contact_155	Japan
156	Customer_156	Contact_156	Germany
157	Customer_157	Contact_157	France
158	Customer_158	Contact_158	UK
159	Customer_159	Contact_159	Canada
160	Customer_160	Contact_160	USA
161	Customer_161	Contact_161	France
162	Customer_162	Contact_162	USA
163	Customer_163	Contact_163	Japan
164	Customer_164	Contact_164	Japan
165	Customer_165	Contact_165	UK
166	Customer_166	Contact_166	France
167	Customer_167	Contact_167	Germany
168	Customer_168	Contact_168	France
169	Customer_169	Contact_169	UK
170	Customer_170	Contact_170	France
171	Customer_171	Contact_171	Canada
172	Customer_172	Contact_172	UK
173	Customer_173	Contact_173	France
174	Customer_174	Contact_174	UK
175	Customer_175	Contact_175	France
176	Customer_176	Contact_176	Japan
177	Customer_177	Contact_177	France
178	Customer_178	Contact_178	UK
179	Customer_179	Contact_179	USA
180	Customer_180	Contact_180	Canada
181	Customer_181	Contact_181	USA
182	Customer_182	Contact_182	Germany
183	Customer_183	Contact_183	Canada
184	Customer_184	Contact_184	USA
185	Customer_185	Contact_185	Canada
186	Customer_186	Contact_186	UK
187	Customer_187	Contact_187	Japan
188	Customer_188	Contact_188	France
189	Customer_189	Contact_189	Germany
190	Customer_190	Contact_190	Canada
191	Customer_191	Contact_191	UK
192	Customer_192	Contact_192	Germany
193	Customer_193	Contact_193	USA
194	Customer_194	Contact_194	Japan
195	Customer_195	Contact_195	Canada
196	Customer_196	Contact_196	USA
197	Customer_197	Contact_197	UK
198	Customer_198	Contact_198	Japan
199	Customer_199	Contact_199	UK
200	Customer_200	Contact_200	Canada
